scenario,scenario_label,spoke_id,spoke_name,spoke_type,existing_nbs,collocated_candidate_nbs,matched_facility_id,matched_facility_level,matched_district,point_longitude,point_latitude,hub_id,assigned_hub_name,assigned_hub_level,assigned_hub_ownership,assigned_hub_subregion,longitude,latitude,assigned_distance_km,assigned_distance_band,route_feasibility,route_feasibility_group,route_priority_flag,weak_or_long_route,long_route,very_long_route,cl_binary,hu_binary,nbs_binary,tr_binary,hub_service_score,hub_service_deficit,hub_readiness,assigned_hub_readiness_group,catchment_population,scd_admissions,scd_deaths,hbs_mean,pfpr_mean
primary_score_ge_2,"Primary hubs, service score >=2",SPOKE_0030,Abim HOSPITAL,existing_nbs,1,0,HF1769,General Hospital,ABIM,33.66236,2.67686,HF1769,Abim HOSPITAL,General Hospital,Government,KARAMOJA,33.66236,2.67686,0,within_25_km,partial,partial_linkage,strengthen_assigned_hub,TRUE,FALSE,FALSE,0,0,1,1,2,0.5,partial_hub_score_2,partial_hub,42977,556,5,0.084148,0.472325
primary_score_ge_2,"Primary hubs, service score >=2",SPOKE_0036,Alebtong HC IV,existing_nbs,1,0,HF1868,HC IV,ALEBTONG,33.23659,2.26365,HF1868,Alebtong HC IV,HC IV,Government,LANGO,33.23659,2.26365,0,within_25_km,partial,partial_linkage,strengthen_assigned_hub,TRUE,FALSE,FALSE,1,1,0,0,2,0.5,partial_hub_score_2,partial_hub,124673,0,0,0.09574,0.364924
primary_score_ge_2,"Primary hubs, service score >=2",SPOKE_0039,Amolatar HC IV,existing_nbs,1,0,HF1882,HC IV,AMOLATAR,32.842983,1.640539,HF1882,Amolatar HC IV,HC IV,Government,LANGO,32.842983,1.640539,0,within_25_km,partial,partial_linkage,strengthen_assigned_hub,TRUE,FALSE,FALSE,1,1,0,0,2,0.5,partial_hub_score_2,partial_hub,141470,0,0,0.085375,0.272265
primary_score_ge_2,"Primary hubs, service score >=2",SPOKE_0044,Anaka HOSPITAL,existing_nbs,1,0,HF2353,General Hospital,NWOYA,31.94798,2.60271,HF2353,Anaka HOSPITAL,General Hospital,Government,ACHOLI,31.94798,2.60271,0,within_25_km,functional,stronger_linkage,standard_linkage,FALSE,FALSE,FALSE,1,1,1,1,4,0,full_hub_score_4,full_hub,151427,1041,4,0.088435,0.391597
primary_score_ge_2,"Primary hubs, service score >=2",SPOKE_0046,Apac HOSPITAL,existing_nbs,1,0,HF1934,General Hospital,APAC,32.533801,1.981577,HF1934,Apac HOSPITAL,General Hospital,Government,LANGO,32.533801,1.981577,0,within_25_km,functional,stronger_linkage,standard_linkage,FALSE,FALSE,FALSE,1,1,1,1,4,0,full_hub_score_4,full_hub,116013,737,12,0.087798,0.430962
primary_score_ge_2,"Primary hubs, service score >=2",SPOKE_0049,Atutur HOSPITAL,existing_nbs,1,0,HF1408,General Hospital,KUMI,33.990778,1.412704,HF1408,Atutur HOSPITAL,General Hospital,Government,TESO,33.990778,1.412704,0,within_25_km,functional,stronger_linkage,standard_linkage,FALSE,FALSE,FALSE,1,1,1,0,3,0.25,strong_hub_score_3,strong_hub,79058,4387,21,0.078373,0.393554
primary_score_ge_2,"Primary hubs, service score >=2",SPOKE_0051,Budaka HC IV,existing_nbs,1,0,HF0998,HC IV,BUDAKA,33.95179,1.01983,HF0998,Budaka HC IV,HC IV,Government,BUKEDI,33.95179,1.01983,0,within_25_km,partial,partial_linkage,strengthen_assigned_hub,TRUE,FALSE,FALSE,1,1,0,0,2,0.5,partial_hub_score_2,partial_hub,230903,0,0,0.089879,0.235467
primary_score_ge_2,"Primary hubs, service score >=2",SPOKE_0052,Bududa HOSPITAL,existing_nbs,1,0,HF1015,General Hospital,BUDUDA,34.332262,1.00907,HF1015,Bududa HOSPITAL,General Hospital,Government,BUGISU,34.332262,1.00907,0,within_25_km,functional,stronger_linkage,standard_linkage,FALSE,FALSE,FALSE,1,0,1,1,3,0.25,strong_hub_score_3,strong_hub,388002,206,9,0.066579,0.191692
primary_score_ge_2,"Primary hubs, service score >=2",SPOKE_0053,Bugiri HOSPITAL,existing_nbs,1,0,HF1032,General Hospital,BUGIRI,33.742088,0.575261,HF1032,Bugiri HOSPITAL,General Hospital,Government,BUSOGA,33.742088,0.575261,0,within_25_km,functional,stronger_linkage,standard_linkage,FALSE,FALSE,FALSE,1,1,1,1,4,0,full_hub_score_4,full_hub,292996,551,9,0.092077,0.270391
primary_score_ge_2,"Primary hubs, service score >=2",SPOKE_0054,Bugobero HC IV,existing_nbs,1,0,HF1483,HC IV,MANAFWA,34.25272,0.86533,HF1483,Bugobero HC IV,HC IV,Government,BUGISU,34.25272,0.86533,0,within_25_km,partial,partial_linkage,strengthen_assigned_hub,TRUE,FALSE,FALSE,1,1,0,0,2,0.5,partial_hub_score_2,partial_hub,218236,0,0,0.080011,0.214444
primary_score_ge_2,"Primary hubs, service score >=2",SPOKE_0055,Buikwe St. Charles Lwanga HOSPITAL,existing_nbs,1,0,HF0002,General Hospital,BUIKWE,33.03181,0.33944,HF0002,Buikwe St. Charles Lwanga HOSPITAL,General Hospital,Private Not For Profit,NORTH BUGANDA,33.03181,0.33944,0,within_25_km,partial,partial_linkage,strengthen_assigned_hub,TRUE,FALSE,FALSE,0,0,1,1,2,0.5,partial_hub_score_2,partial_hub,117227,720,5,0.088849,0.178194
primary_score_ge_2,"Primary hubs, service score >=2",SPOKE_0059,Busaru HC IV,existing_nbs,1,0,HF2494,HC IV,BUNDIBUGYO,30.04422,0.66763,HF2494,Busaru HC IV,HC IV,Private Not For Profit,TORO,30.04422,0.66763,0,within_25_km,partial,partial_linkage,strengthen_assigned_hub,TRUE,FALSE,FALSE,1,1,0,0,2,0.5,partial_hub_score_2,partial_hub,119966,0,0,0.053528,0.153529
primary_score_ge_2,"Primary hubs, service score >=2",SPOKE_0060,Busiu HC IV,existing_nbs,1,0,HF1530,HC IV,MBALE,34.160205,0.921866,HF1530,Busiu HC IV,HC IV,Government,BUGISU,34.160205,0.921866,0,within_25_km,partial,partial_linkage,strengthen_assigned_hub,TRUE,FALSE,FALSE,1,1,0,0,2,0.5,partial_hub_score_2,partial_hub,241986,0,0,0.083648,0.220916
primary_score_ge_2,"Primary hubs, service score >=2",SPOKE_0061,Busolwe HOSPITAL,existing_nbs,1,0,HF1125,General Hospital,BUTALEJA,33.928311,0.852506,HF1125,Busolwe HOSPITAL,General Hospital,Government,BUKEDI,33.928311,0.852506,0,within_25_km,functional,stronger_linkage,standard_linkage,FALSE,FALSE,FALSE,1,1,1,1,4,0,full_hub_score_4,full_hub,195701,679,11,0.093691,0.219096
primary_score_ge_2,"Primary hubs, service score >=2",SPOKE_0062,Butabika NATIONAL REFERAL HOSPITAL,existing_nbs,1,0,HF0263,NR Hospital,KAMPALA,32.6561,0.315,HF0263,Butabika NATIONAL REFERAL HOSPITAL,NR Hospital,Government,KAMPALA,32.6561,0.315,0,within_25_km,partial,partial_linkage,strengthen_assigned_hub,TRUE,FALSE,FALSE,0,0,1,1,2,0.5,partial_hub_score_2,partial_hub,66129,373,13,0.082055,0.104285
primary_score_ge_2,"Primary hubs, service score >=2",SPOKE_0068,Dabani HOSPITAL,existing_nbs,1,0,HF1113,General Hospital,BUSIA,34.051798,0.439779,HF1113,Dabani HOSPITAL,General Hospital,Private Not For Profit,BUKEDI,34.051798,0.439779,0,within_25_km,functional,stronger_linkage,standard_linkage,FALSE,FALSE,FALSE,1,1,1,1,4,0,full_hub_score_4,full_hub,297299,556,5,0.09492,0.359669
primary_score_ge_2,"Primary hubs, service score >=2",SPOKE_0069,Dokolo HC IV,existing_nbs,1,0,HF2019,HC IV,DOKOLO,33.17266,1.919833,HF2019,Dokolo HC IV,HC IV,Government,LANGO,33.17266,1.919833,0,within_25_km,partial,partial_linkage,strengthen_assigned_hub,TRUE,FALSE,FALSE,1,1,0,0,2,0.5,partial_hub_score_2,partial_hub,153861,0,0,0.083855,0.287299
primary_score_ge_2,"Primary hubs, service score >=2",SPOKE_0071,Gombe HOSPITAL,existing_nbs,1,0,HF0052,General Hospital,BUTAMBALA,32.114144,0.184416,HF0052,Gombe HOSPITAL,General Hospital,Government,SOUTH BUGANDA,32.114144,0.184416,0,within_25_km,partial,partial_linkage,strengthen_assigned_hub,TRUE,FALSE,FALSE,0,0,1,1,2,0.5,partial_hub_score_2,partial_hub,143579,100,4,0.064401,0.119993
primary_score_ge_2,"Primary hubs, service score >=2",SPOKE_0075,Iganga HOSPITAL,existing_nbs,1,0,HF1166,General Hospital,IGANGA,33.48449,0.61649,HF1166,Iganga HOSPITAL,General Hospital,Government,BUSOGA,33.48449,0.61649,0,within_25_km,functional,stronger_linkage,standard_linkage,FALSE,FALSE,FALSE,1,1,1,1,4,0,full_hub_score_4,full_hub,449866,1041,5,0.092036,0.345232
primary_score_ge_2,"Primary hubs, service score >=2",SPOKE_0078,Kagando HOSPITAL,existing_nbs,1,0,HF2891,General Hospital,KASESE,29.89819,0.06332,HF2891,Kagando HOSPITAL,General Hospital,Private Not For Profit,TORO,29.89819,0.06332,0,within_25_km,functional,stronger_linkage,standard_linkage,FALSE,FALSE,FALSE,1,0,1,1,3,0.25,strong_hub_score_3,strong_hub,328735,387,22,0.039545,0.111526
primary_score_ge_2,"Primary hubs, service score >=2",SPOKE_0079,Kalagala HC IV,existing_nbs,1,0,HF0376,HC IV,LUWERO,32.67677,0.5943,HF0376,Kalagala HC IV,HC IV,Government,NORTH BUGANDA,32.67677,0.5943,0,within_25_km,partial,partial_linkage,strengthen_assigned_hub,TRUE,FALSE,FALSE,1,1,0,0,2,0.5,partial_hub_score_2,partial_hub,68178,0,0,0.085063,0.175196
primary_score_ge_2,"Primary hubs, service score >=2",SPOKE_0080,Kalisizo HOSPITAL,existing_nbs,1,0,HF0777,General Hospital,RAKAI,31.62277,-0.53569,HF0777,Kalisizo HOSPITAL,General Hospital,Government,SOUTH BUGANDA,31.62277,-0.53569,0,within_25_km,functional,stronger_linkage,standard_linkage,FALSE,FALSE,FALSE,1,1,1,1,4,0,full_hub_score_4,full_hub,176754,149,5,0.057151,0.133475
primary_score_ge_2,"Primary hubs, service score >=2",SPOKE_0081,Kalongo Ambrosoli Memorial HOSPITAL,existing_nbs,1,0,HF1831,General Hospital,AGAGO,33.43579,3.02789,HF1831,Kalongo Ambrosoli Memorial HOSPITAL,General Hospital,Private Not For Profit,ACHOLI,33.43579,3.02789,0,within_25_km,functional,stronger_linkage,standard_linkage,FALSE,FALSE,FALSE,1,1,1,1,4,0,full_hub_score_4,full_hub,33544,1408,17,0.078423,0.440943
primary_score_ge_2,"Primary hubs, service score >=2",SPOKE_0083,Kamuli HOSPITAL,existing_nbs,1,0,HF1312,General Hospital,KAMULI,33.12034,0.95039,HF1312,Kamuli HOSPITAL,General Hospital,Government,BUSOGA,33.12034,0.95039,0,within_25_km,functional,stronger_linkage,standard_linkage,FALSE,FALSE,FALSE,1,1,1,1,4,0,full_hub_score_4,full_hub,196516,17,0,0.098284,0.362318
primary_score_ge_2,"Primary hubs, service score >=2",SPOKE_0084,Kamuli Mission Hospital,existing_nbs,1,0,HF1313,General Hospital,KAMULI,33.12793,0.93169,HF1313,Kamuli Mission Hospital,General Hospital,Private Not For Profit,BUSOGA,33.12793,0.93169,0,within_25_km,functional,stronger_linkage,standard_linkage,FALSE,FALSE,FALSE,1,0,1,1,3,0.25,strong_hub_score_3,strong_hub,160864,190,4,0.097706,0.355988
primary_score_ge_2,"Primary hubs, service score >=2",SPOKE_0086,Kangulumira HC IV,existing_nbs,1,0,HF0298,HC IV,KAYUNGA,33.03127,0.58534,HF0298,Kangulumira HC IV,HC IV,Government,NORTH BUGANDA,33.03127,0.58534,0,within_25_km,partial,partial_linkage,strengthen_assigned_hub,TRUE,FALSE,FALSE,0,0,1,1,2,0.5,partial_hub_score_2,partial_hub,109538,71,0,0.090342,0.220796
primary_score_ge_2,"Primary hubs, service score >=2",SPOKE_0089,Katakwi General Hospital,existing_nbs,1,0,HF1375,General Hospital,KATAKWI,33.96227,1.92008,HF1375,Katakwi General Hospital,General Hospital,Government,TESO,33.96227,1.92008,0,within_25_km,functional,stronger_linkage,standard_linkage,FALSE,FALSE,FALSE,1,1,0,1,3,0.25,strong_hub_score_3,strong_hub,111728,957,1,0.061564,0.483768
primary_score_ge_2,"Primary hubs, service score >=2",SPOKE_0091,Kawolo HOSPITAL,existing_nbs,1,0,HF0007,General Hospital,BUIKWE,32.94508,0.36783,HF0007,Kawolo HOSPITAL,General Hospital,Government,NORTH BUGANDA,32.94508,0.36783,0,within_25_km,functional,stronger_linkage,standard_linkage,FALSE,FALSE,FALSE,1,0,1,1,3,0.25,strong_hub_score_3,strong_hub,41558,711,12,0.087423,0.162392
primary_score_ge_2,"Primary hubs, service score >=2",SPOKE_0092,Kayunga Hospital,existing_nbs,1,0,HF0304,General Hospital,KAYUNGA,32.90342,0.70353,HF0304,Kayunga Hospital,General Hospital,Government,NORTH BUGANDA,32.90342,0.70353,0,within_25_km,functional,stronger_linkage,standard_linkage,FALSE,FALSE,FALSE,1,1,1,1,4,0,full_hub_score_4,full_hub,213826,1041,17,0.091807,0.288328
primary_score_ge_2,"Primary hubs, service score >=2",SPOKE_0093,Kiboga HOSPITAL,existing_nbs,1,0,HF0327,General Hospital,KIBOGA,31.776151,0.913794,HF0327,Kiboga HOSPITAL,General Hospital,Government,NORTH BUGANDA,31.776151,0.913794,0,within_25_km,functional,stronger_linkage,standard_linkage,FALSE,FALSE,FALSE,1,0,1,1,3,0.25,strong_hub_score_3,strong_hub,123578,65,4,0.065516,0.16593
primary_score_ge_2,"Primary hubs, service score >=2",SPOKE_0095,Kibuli HOSPITAL,existing_nbs,1,0,HF0203,General Hospital,KAMPALA,32.595073,0.313056,HF0203,Kibuli HOSPITAL,General Hospital,Private Not For Profit,KAMPALA,32.595073,0.313056,0,within_25_km,functional,stronger_linkage,standard_linkage,FALSE,FALSE,FALSE,1,0,1,1,3,0.25,strong_hub_score_3,strong_hub,71046,17,1,0.076874,0.085271
primary_score_ge_2,"Primary hubs, service score >=2",SPOKE_0096,Kidera HC IV,existing_nbs,1,0,HF1147,HC IV,BUYENDE,32.989,1.33687,HF1147,Kidera HC IV,HC IV,Government,BUSOGA,32.989,1.33687,0,within_25_km,partial,partial_linkage,strengthen_assigned_hub,TRUE,FALSE,FALSE,1,1,0,0,2,0.5,partial_hub_score_2,partial_hub,111894,0,0,0.08849,0.327385
primary_score_ge_2,"Primary hubs, service score >=2",SPOKE_0098,Kigandalo HC IV,existing_nbs,1,0,HF1515,HC IV,MAYUGE,33.62108,0.38962,HF1515,Kigandalo HC IV,HC IV,Government,BUSOGA,33.62108,0.38962,0,within_25_km,partial,partial_linkage,strengthen_assigned_hub,TRUE,FALSE,FALSE,1,0,1,0,2,0.5,partial_hub_score_2,partial_hub,215196,0,0,0.095305,0.343323
primary_score_ge_2,"Primary hubs, service score >=2",SPOKE_0100,Kiryandongo HOSPITAL,existing_nbs,1,0,HF3019,General Hospital,KIRYANDONGO,32.06175,1.8786,HF3019,Kiryandongo HOSPITAL,General Hospital,Government,BUNYORO,32.06175,1.8786,0,within_25_km,partial,partial_linkage,strengthen_assigned_hub,TRUE,FALSE,FALSE,0,0,1,1,2,0.5,partial_hub_score_2,partial_hub,284372,727,19,0.091085,0.308277
primary_score_ge_2,"Primary hubs, service score >=2",SPOKE_0103,Kitgum HOSPITAL,existing_nbs,1,0,HF2124,General Hospital,KITGUM,32.88092,3.29792,HF2124,Kitgum HOSPITAL,General Hospital,Government,ACHOLI,32.88092,3.29792,0,within_25_km,functional,stronger_linkage,standard_linkage,FALSE,FALSE,FALSE,1,1,1,1,4,0,full_hub_score_4,full_hub,150715,629,5,0.080921,0.41065
primary_score_ge_2,"Primary hubs, service score >=2",SPOKE_0104,Kitgum HOSPITAL,existing_nbs,1,0,HF2124,General Hospital,KITGUM,32.88092,3.29792,HF2124,Kitgum HOSPITAL,General Hospital,Government,ACHOLI,32.88092,3.29792,0,within_25_km,functional,stronger_linkage,standard_linkage,FALSE,FALSE,FALSE,1,1,1,1,4,0,full_hub_score_4,full_hub,150715,629,5,0.080921,0.41065
primary_score_ge_2,"Primary hubs, service score >=2",SPOKE_0106,Koboko Hospital,existing_nbs,1,0,HF2145,General Hospital,KOBOKO,30.95937,3.40942,HF2145,Koboko Hospital,General Hospital,Government,WEST NILE,30.95937,3.40942,0,within_25_km,partial,partial_linkage,strengthen_assigned_hub,TRUE,FALSE,FALSE,1,0,0,1,2,0.5,partial_hub_score_2,partial_hub,251072,711,12,0.04834,0.206661
primary_score_ge_2,"Primary hubs, service score >=2",SPOKE_0113,Lubaga HOSPITAL,existing_nbs,1,0,HF0281,General Hospital,KAMPALA,32.551622,0.30797,HF0281,Lubaga HOSPITAL,General Hospital,Private Not For Profit,KAMPALA,32.551622,0.30797,0,within_25_km,functional,stronger_linkage,standard_linkage,FALSE,FALSE,FALSE,1,0,1,1,3,0.25,strong_hub_score_3,strong_hub,594380,383,4,0.074318,0.099582
primary_score_ge_2,"Primary hubs, service score >=2",SPOKE_0115,Lwala HOSPITAL,existing_nbs,1,0,HF1276,General Hospital,KABERAMAIDO,33.27758,1.86232,HF1276,Lwala HOSPITAL,General Hospital,Private Not For Profit,TESO,33.27758,1.86232,0,within_25_km,partial,partial_linkage,strengthen_assigned_hub,TRUE,FALSE,FALSE,0,0,1,1,2,0.5,partial_hub_score_2,partial_hub,119681,864,11,0.073597,0.302355
primary_score_ge_2,"Primary hubs, service score >=2",SPOKE_0117,Lyantonde HOSPITAL,existing_nbs,1,0,HF0465,General Hospital,LYANTONDE,31.15287,-0.39364,HF0465,Lyantonde HOSPITAL,General Hospital,Government,SOUTH BUGANDA,31.15287,-0.39364,0,within_25_km,functional,stronger_linkage,standard_linkage,FALSE,FALSE,FALSE,1,1,1,1,4,0,full_hub_score_4,full_hub,130642,65,0,0.042619,0.127183
primary_score_ge_2,"Primary hubs, service score >=2",SPOKE_0122,Mengo HOSPITAL,existing_nbs,1,0,HF0282,General Hospital,KAMPALA,32.55999,0.31306,HF0282,Mengo HOSPITAL,General Hospital,Private Not For Profit,KAMPALA,32.55999,0.31306,0,within_25_km,functional,stronger_linkage,standard_linkage,FALSE,FALSE,FALSE,1,1,0,1,3,0.25,strong_hub_score_3,strong_hub,291689,724,3,0.074779,0.096856
primary_score_ge_2,"Primary hubs, service score >=2",SPOKE_0124,Mityana HOSPITAL,existing_nbs,1,0,HF0550,General Hospital,MITYANA,32.04131,0.3978,HF0550,Mityana HOSPITAL,General Hospital,Government,NORTH BUGANDA,32.04131,0.3978,0,within_25_km,partial,partial_linkage,strengthen_assigned_hub,TRUE,FALSE,FALSE,0,0,1,1,2,0.5,partial_hub_score_2,partial_hub,129409,226,7,0.065065,0.133276
primary_score_ge_2,"Primary hubs, service score >=2",SPOKE_0126,Mubende RR HOSPITAL,existing_nbs,1,0,HF0650,RR Hospital,MUBENDE,31.39248,0.56742,HF0650,Mubende RR HOSPITAL,RR Hospital,Government,NORTH BUGANDA,31.39248,0.56742,0,within_25_km,functional,stronger_linkage,standard_linkage,FALSE,FALSE,FALSE,1,0,1,1,3,0.25,strong_hub_score_3,strong_hub,250907,0,0,0.053702,0.191425
primary_score_ge_2,"Primary hubs, service score >=2",SPOKE_0134,Nakaseke HOSPITAL,existing_nbs,1,0,HF0718,General Hospital,NAKASEKE,32.39886,0.71746,HF0718,Nakaseke HOSPITAL,General Hospital,Government,NORTH BUGANDA,32.39886,0.71746,0,within_25_km,functional,stronger_linkage,standard_linkage,FALSE,FALSE,FALSE,1,1,1,1,4,0,full_hub_score_4,full_hub,70751,173,6,0.076875,0.183391
primary_score_ge_2,"Primary hubs, service score >=2",SPOKE_0135,Nakasongola HC IV,existing_nbs,1,0,HF0752,HC IV,NAKASONGOLA,32.466485,1.324991,HF0752,Nakasongola HC IV,HC IV,Government,NORTH BUGANDA,32.466485,1.324991,0,within_25_km,partial,partial_linkage,strengthen_assigned_hub,TRUE,FALSE,FALSE,0,0,1,1,2,0.5,partial_hub_score_2,partial_hub,39471,304,2,0.086272,0.237672
primary_score_ge_2,"Primary hubs, service score >=2",SPOKE_0155,Serere HC IV,existing_nbs,1,0,HF1643,HC IV,SERERE,33.45971,1.52179,HF1643,Serere HC IV,HC IV,Government,TESO,33.45971,1.52179,0,within_25_km,partial,partial_linkage,strengthen_assigned_hub,TRUE,FALSE,FALSE,1,1,0,0,2,0.5,partial_hub_score_2,partial_hub,269660,0,0,0.089136,0.315287
primary_score_ge_2,"Primary hubs, service score >=2",SPOKE_0159,St. Francis Nsambya HOSPITAL,existing_nbs,1,0,HF0204,General Hospital,KAMPALA,32.585,0.3017,HF0204,St. Francis Nsambya HOSPITAL,General Hospital,Private Not For Profit,KAMPALA,32.585,0.3017,0,within_25_km,functional,stronger_linkage,standard_linkage,FALSE,FALSE,FALSE,1,0,1,1,3,0.25,strong_hub_score_3,strong_hub,181515,601,12,0.077156,0.087914
primary_score_ge_2,"Primary hubs, service score >=2",SPOKE_0167,Tororo General HOSPITAL,existing_nbs,1,0,HF1752,General Hospital,TORORO,34.187079,0.697967,HF1752,Tororo General HOSPITAL,General Hospital,Government,BUKEDI,34.187079,0.697967,0,within_25_km,functional,stronger_linkage,standard_linkage,FALSE,FALSE,FALSE,1,1,1,1,4,0,full_hub_score_4,full_hub,42651,2472,25,0.090214,0.200315
primary_score_ge_2,"Primary hubs, service score >=2",SPOKE_0168,Villa Maria HOSPITAL,existing_nbs,1,0,HF0093,General Hospital,KALUNGU,31.743304,-0.228127,HF0093,Villa Maria HOSPITAL,General Hospital,Private Not For Profit,SOUTH BUGANDA,31.743304,-0.228127,0,within_25_km,functional,stronger_linkage,standard_linkage,FALSE,FALSE,FALSE,1,1,1,1,4,0,full_hub_score_4,full_hub,54373,369,7,0.060275,0.135269
primary_score_ge_2,"Primary hubs, service score >=2",SPOKE_0152,Rakai Health Sciences Program CLINIC,existing_nbs,1,0,HF0776,Clinic,RAKAI,31.62173,-0.538174,HF0777,Kalisizo HOSPITAL,General Hospital,Government,SOUTH BUGANDA,31.62277,-0.53569,0.298,within_25_km,functional,stronger_linkage,standard_linkage,FALSE,FALSE,FALSE,1,1,1,1,4,0,full_hub_score_4,full_hub,176754,149,5,0.057151,0.133475
primary_score_ge_2,"Primary hubs, service score >=2",SPOKE_0160,"St. Francis,  HC III",existing_nbs,1,0,HF0555,HC III,MITYANA,32.04851,0.40035,HF0550,Mityana HOSPITAL,General Hospital,Government,NORTH BUGANDA,32.04131,0.3978,0.849,within_25_km,partial,partial_linkage,strengthen_assigned_hub,TRUE,FALSE,FALSE,0,0,1,1,2,0.5,partial_hub_score_2,partial_hub,129409,226,7,0.065065,0.133276
primary_score_ge_2,"Primary hubs, service score >=2",SPOKE_0129,Mulago National Hospital- MUJHU Clinic,existing_nbs,1,0,HF0219,Clinic,KAMPALA,32.578218,0.340195,HF0118,Kololo HOSPITAL,General Hospital,Private For Profit,KAMPALA,32.588224,0.336823,1.174,within_25_km,functional,stronger_linkage,standard_linkage,FALSE,FALSE,FALSE,1,0,1,1,3,0.25,strong_hub_score_3,strong_hub,243967,711,12,0.077403,0.095929
primary_score_ge_2,"Primary hubs, service score >=2",SPOKE_0165,TASO Mulago CLINIC,existing_nbs,1,0,HF0155,Clinic,KAMPALA,32.57737,0.34298,HF0118,Kololo HOSPITAL,General Hospital,Private For Profit,KAMPALA,32.588224,0.336823,1.386,within_25_km,functional,stronger_linkage,standard_linkage,FALSE,FALSE,FALSE,1,0,1,1,3,0.25,strong_hub_score_3,strong_hub,243967,711,12,0.077403,0.095929
primary_score_ge_2,"Primary hubs, service score >=2",SPOKE_0037,Alive Medical Services HC III,existing_nbs,1,0,HF0209,HC II,KAMPALA,32.61026,0.30972,HF0203,Kibuli HOSPITAL,General Hospital,Private Not For Profit,KAMPALA,32.595073,0.313056,1.73,within_25_km,functional,stronger_linkage,standard_linkage,FALSE,FALSE,FALSE,1,0,1,1,3,0.25,strong_hub_score_3,strong_hub,71046,17,1,0.076874,0.085271
primary_score_ge_2,"Primary hubs, service score >=2",SPOKE_0133,Naguru  Hospital  - China Uganda Friendship,existing_nbs,1,0,HF0264,RR Hospital,KAMPALA,32.60657,0.32898,HF0203,Kibuli HOSPITAL,General Hospital,Private Not For Profit,KAMPALA,32.595073,0.313056,2.176,within_25_km,functional,stronger_linkage,standard_linkage,FALSE,FALSE,FALSE,1,0,1,1,3,0.25,strong_hub_score_3,strong_hub,71046,17,1,0.076874,0.085271
primary_score_ge_2,"Primary hubs, service score >=2",SPOKE_0070,Fort Portal Regional Referral Hospital,existing_nbs,1,0,HF2806,RR Hospital,KABAROLE,30.282,0.655,HF2801,Virika HOSPITAL,General Hospital,Private Not For Profit,TORO,30.267931,0.640278,2.261,within_25_km,functional,stronger_linkage,standard_linkage,FALSE,FALSE,FALSE,1,1,1,1,4,0,full_hub_score_4,full_hub,71989,179,15,0.049074,0.162656
primary_score_ge_2,"Primary hubs, service score >=2",SPOKE_0164,TASO Masaka CLINIC,existing_nbs,1,0,HF0490,Clinic,MASAKA,31.73638,-0.33921,HF0506,St. Joseph Kitovu HOSPITAL,General Hospital,Private Not For Profit,SOUTH BUGANDA,31.75956,-0.34402,2.634,within_25_km,functional,stronger_linkage,standard_linkage,FALSE,FALSE,FALSE,1,1,0,1,3,0.25,strong_hub_score_3,strong_hub,86572,434,1,0.061262,0.122943
primary_score_ge_2,"Primary hubs, service score >=2",SPOKE_0102,Kiswa HC III,existing_nbs,1,0,HF0256,HC II,KAMPALA,32.616703,0.323407,HF0203,Kibuli HOSPITAL,General Hospital,Private Not For Profit,KAMPALA,32.595073,0.313056,2.665,within_25_km,functional,stronger_linkage,standard_linkage,FALSE,FALSE,FALSE,1,0,1,1,3,0.25,strong_hub_score_3,strong_hub,71046,17,1,0.076874,0.085271
primary_score_ge_2,"Primary hubs, service score >=2",SPOKE_0074,Hope Clinic Lukuli HC II,existing_nbs,1,0,HF0188,Clinic,KAMPALA,32.60038,0.27986,HF0204,St. Francis Nsambya HOSPITAL,General Hospital,Private Not For Profit,KAMPALA,32.585,0.3017,2.959,within_25_km,functional,stronger_linkage,standard_linkage,FALSE,FALSE,FALSE,1,0,1,1,3,0.25,strong_hub_score_3,strong_hub,181515,601,12,0.077156,0.087914
primary_score_ge_2,"Primary hubs, service score >=2",SPOKE_0118,Magala HC III,existing_nbs,1,0,HF0551,HC III,MITYANA,32.06745,0.38688,HF0550,Mityana HOSPITAL,General Hospital,Government,NORTH BUGANDA,32.04131,0.3978,3.15,within_25_km,partial,partial_linkage,strengthen_assigned_hub,TRUE,FALSE,FALSE,0,0,1,1,2,0.5,partial_hub_score_2,partial_hub,129409,226,7,0.065065,0.133276
primary_score_ge_2,"Primary hubs, service score >=2",SPOKE_0120,Masaka REGIONAL REF HOSPITAL,existing_nbs,1,0,HF0494,RR Hospital,MASAKA,31.7344,-0.3294,HF0506,St. Joseph Kitovu HOSPITAL,General Hospital,Private Not For Profit,SOUTH BUGANDA,31.75956,-0.34402,3.233,within_25_km,functional,stronger_linkage,standard_linkage,FALSE,FALSE,FALSE,1,1,0,1,3,0.25,strong_hub_score_3,strong_hub,86572,434,1,0.061262,0.122943
primary_score_ge_2,"Primary hubs, service score >=2",SPOKE_0128,Mulagi HC III,existing_nbs,1,0,HF1122,HC III,BUTALEJA,33.9079,0.87428,HF1125,Busolwe HOSPITAL,General Hospital,Government,BUKEDI,33.928311,0.852506,3.309,within_25_km,functional,stronger_linkage,standard_linkage,FALSE,FALSE,FALSE,1,1,1,1,4,0,full_hub_score_4,full_hub,195701,679,11,0.093691,0.219096
primary_score_ge_2,"Primary hubs, service score >=2",SPOKE_0090,Kawempe Home Care Initiative CLINIC,existing_nbs,1,0,HF0160,Clinic,KAMPALA,32.56146,0.36205,HF0118,Kololo HOSPITAL,General Hospital,Private For Profit,KAMPALA,32.588224,0.336823,4.08,within_25_km,functional,stronger_linkage,standard_linkage,FALSE,FALSE,FALSE,1,0,1,1,3,0.25,strong_hub_score_3,strong_hub,243967,711,12,0.077403,0.095929
primary_score_ge_2,"Primary hubs, service score >=2",SPOKE_0107,Kumi HC IV,existing_nbs,1,0,HF1419,HC IV,KUMI,33.97501,1.530615,HF1431,Kumi NGO HOSPITAL,General Hospital,Private Not For Profit,TESO,34.00482,1.55895,4.562,within_25_km,functional,stronger_linkage,standard_linkage,FALSE,FALSE,FALSE,1,0,1,1,3,0.25,strong_hub_score_3,strong_hub,21091,92,10,0.074611,0.419525
primary_score_ge_2,"Primary hubs, service score >=2",SPOKE_0114,Lufuka Valley HC III,existing_nbs,1,0,HF0946,HC III,WAKISO,32.56815,0.26008,HF0204,St. Francis Nsambya HOSPITAL,General Hospital,Private Not For Profit,KAMPALA,32.585,0.3017,4.968,within_25_km,functional,stronger_linkage,standard_linkage,FALSE,FALSE,FALSE,1,0,1,1,3,0.25,strong_hub_score_3,strong_hub,181515,601,12,0.077156,0.087914
primary_score_ge_2,"Primary hubs, service score >=2",SPOKE_0132,Nabweru HC III,existing_nbs,1,0,HF0928,HC III,WAKISO,32.54516,0.35724,HF0282,Mengo HOSPITAL,General Hospital,Private Not For Profit,KAMPALA,32.55999,0.31306,5.155,within_25_km,functional,stronger_linkage,standard_linkage,FALSE,FALSE,FALSE,1,1,0,1,3,0.25,strong_hub_score_3,strong_hub,291689,724,3,0.074779,0.096856
primary_score_ge_2,"Primary hubs, service score >=2",SPOKE_0119,Makindye Police HC III,existing_nbs,1,0,HF0215,HC III,KAMPALA,32.61758,0.26183,HF0204,St. Francis Nsambya HOSPITAL,General Hospital,Private Not For Profit,KAMPALA,32.585,0.3017,5.707,within_25_km,functional,stronger_linkage,standard_linkage,FALSE,FALSE,FALSE,1,0,1,1,3,0.25,strong_hub_score_3,strong_hub,181515,601,12,0.077156,0.087914
primary_score_ge_2,"Primary hubs, service score >=2",SPOKE_0034,Akide HC II,existing_nbs,1,0,HF1432,HC II,KUMI,34.04329,1.59938,HF1431,Kumi NGO HOSPITAL,General Hospital,Private Not For Profit,TESO,34.00482,1.55895,6.188,within_25_km,functional,stronger_linkage,standard_linkage,FALSE,FALSE,FALSE,1,0,1,1,3,0.25,strong_hub_score_3,strong_hub,21091,92,10,0.074611,0.419525
primary_score_ge_2,"Primary hubs, service score >=2",SPOKE_0099,Kiruddu,existing_nbs,1,0,HF0216,NR Hospital,KAMPALA,32.61274,0.24828,HF0204,St. Francis Nsambya HOSPITAL,General Hospital,Private Not For Profit,KAMPALA,32.585,0.3017,6.663,within_25_km,functional,stronger_linkage,standard_linkage,FALSE,FALSE,FALSE,1,0,1,1,3,0.25,strong_hub_score_3,strong_hub,181515,601,12,0.077156,0.087914
primary_score_ge_2,"Primary hubs, service score >=2",SPOKE_0077,Kadama HC III,existing_nbs,1,0,HF1399,HC III,KIBUKU,33.88599,1.01955,HF0998,Budaka HC IV,HC IV,Government,BUKEDI,33.95179,1.01983,7.322,within_25_km,partial,partial_linkage,strengthen_assigned_hub,TRUE,FALSE,FALSE,1,1,0,0,2,0.5,partial_hub_score_2,partial_hub,230903,0,0,0.089879,0.235467
primary_score_ge_2,"Primary hubs, service score >=2",SPOKE_0063,Butebo HC IV,existing_nbs,1,0,HF1600,HC IV,PALLISA,33.918499,1.201598,HF1609,Kanginima HOSPITAL,General Hospital,Government,BUKEDI,33.99635,1.19585,8.685,within_25_km,functional,stronger_linkage,standard_linkage,FALSE,FALSE,FALSE,1,1,1,1,4,0,full_hub_score_4,full_hub,69718,1041,3,0.0819,0.270154
primary_score_ge_2,"Primary hubs, service score >=2",SPOKE_0127,Mukongoro HC III,existing_nbs,1,0,HF1426,HC III,KUMI,33.885754,1.325957,HF1421,Kadami HOSPITAL,General Hospital,Private Not For Profit,TESO,33.80859,1.34172,8.76,within_25_km,functional,stronger_linkage,standard_linkage,FALSE,FALSE,FALSE,1,1,1,1,4,0,full_hub_score_4,full_hub,94576,155,4,0.087782,0.33037
primary_score_ge_2,"Primary hubs, service score >=2",SPOKE_0140,Nankoma HC IV,existing_nbs,1,0,HF1063,HC IV,BUGIRI,33.678343,0.454007,HF1515,Kigandalo HC IV,HC IV,Government,BUSOGA,33.62108,0.38962,9.553,within_25_km,partial,partial_linkage,strengthen_assigned_hub,TRUE,FALSE,FALSE,1,0,1,0,2,0.5,partial_hub_score_2,partial_hub,215196,0,0,0.095305,0.343323
primary_score_ge_2,"Primary hubs, service score >=2",SPOKE_0130,Nabiganda HC III,existing_nbs,1,0,HF1129,HC III,BUTALEJA,34.02468,0.96905,HF0998,Budaka HC IV,HC IV,Government,BUKEDI,33.95179,1.01983,9.864,within_25_km,partial,partial_linkage,strengthen_assigned_hub,TRUE,FALSE,FALSE,1,1,0,0,2,0.5,partial_hub_score_2,partial_hub,230903,0,0,0.089879,0.235467
primary_score_ge_2,"Primary hubs, service score >=2",SPOKE_0082,Kamaca HC III,existing_nbs,1,0,HF1411,HC III,KUMI,33.96668,1.32506,HF1408,Atutur HOSPITAL,General Hospital,Government,TESO,33.990778,1.412704,10.053,within_25_km,functional,stronger_linkage,standard_linkage,FALSE,FALSE,FALSE,1,1,1,0,3,0.25,strong_hub_score_3,strong_hub,79058,4387,21,0.078373,0.393554
primary_score_ge_2,"Primary hubs, service score >=2",SPOKE_0057,Bukedea HC IV,existing_nbs,1,0,HF1065,HC IV,BUKEDEA,34.04192,1.33219,HF1408,Atutur HOSPITAL,General Hospital,Government,TESO,33.990778,1.412704,10.564,within_25_km,functional,stronger_linkage,standard_linkage,FALSE,FALSE,FALSE,1,1,1,0,3,0.25,strong_hub_score_3,strong_hub,79058,4387,21,0.078373,0.393554
primary_score_ge_2,"Primary hubs, service score >=2",SPOKE_0050,Baitambogwe HC III,existing_nbs,1,0,HF1496,HC III,MAYUGE,33.40877,0.55601,HF1166,Iganga HOSPITAL,General Hospital,Government,BUSOGA,33.48449,0.61649,10.755,within_25_km,functional,stronger_linkage,standard_linkage,FALSE,FALSE,FALSE,1,1,1,1,4,0,full_hub_score_4,full_hub,449866,1041,5,0.092036,0.345232
primary_score_ge_2,"Primary hubs, service score >=2",SPOKE_0064,Buwaiswa HC III,existing_nbs,1,0,HF1507,HC III,MAYUGE,33.52111,0.52472,HF1166,Iganga HOSPITAL,General Hospital,Government,BUSOGA,33.48449,0.61649,10.932,within_25_km,functional,stronger_linkage,standard_linkage,FALSE,FALSE,FALSE,1,1,1,1,4,0,full_hub_score_4,full_hub,449866,1041,5,0.092036,0.345232
primary_score_ge_2,"Primary hubs, service score >=2",SPOKE_0158,St. Francis Acumet HC III,existing_nbs,1,0,HF0974,HC III,AMURIA,33.73288,2.18516,HF0975,Kapelebyong HC IV,HC IV,Government,TESO,33.77463,2.27848,11.312,within_25_km,partial,partial_linkage,strengthen_assigned_hub,TRUE,FALSE,FALSE,1,0,0,1,2,0.5,partial_hub_score_2,partial_hub,62411,192,5,0.06439,0.498163
primary_score_ge_2,"Primary hubs, service score >=2",SPOKE_0123,Mifumi HC III,existing_nbs,1,0,HF1707,HC III,TORORO,33.932111,0.74852,HF1125,Busolwe HOSPITAL,General Hospital,Government,BUKEDI,33.928311,0.852506,11.503,within_25_km,functional,stronger_linkage,standard_linkage,FALSE,FALSE,FALSE,1,1,1,1,4,0,full_hub_score_4,full_hub,195701,679,11,0.093691,0.219096
primary_score_ge_2,"Primary hubs, service score >=2",SPOKE_0157,Ssunga HC III,existing_nbs,1,0,HF0478,HC III,MASAKA,31.86382,-0.31139,HF0506,St. Joseph Kitovu HOSPITAL,General Hospital,Private Not For Profit,SOUTH BUGANDA,31.75956,-0.34402,12.152,within_25_km,functional,stronger_linkage,standard_linkage,FALSE,FALSE,FALSE,1,1,0,1,3,0.25,strong_hub_score_3,strong_hub,86572,434,1,0.061262,0.122943
primary_score_ge_2,"Primary hubs, service score >=2",SPOKE_0116,Lwengo Kinoni HC III GOVT,existing_nbs,1,0,HF0427,HC III,LWENGO,31.55569,-0.33903,HF0854,Bamu HOSPITAL,General Hospital,Private For Profit,SOUTH BUGANDA,31.49315,-0.24348,12.652,within_25_km,partial,partial_linkage,strengthen_assigned_hub,TRUE,FALSE,FALSE,0,0,1,1,2,0.5,partial_hub_score_2,partial_hub,96347,86,3,0.053901,0.149795
primary_score_ge_2,"Primary hubs, service score >=2",SPOKE_0139,Namwendwa HC IV,existing_nbs,1,0,HF1340,HC IV,KAMULI,33.24814,0.92059,HF1313,Kamuli Mission Hospital,General Hospital,Private Not For Profit,BUSOGA,33.12793,0.93169,13.431,within_25_km,functional,stronger_linkage,standard_linkage,FALSE,FALSE,FALSE,1,0,1,1,3,0.25,strong_hub_score_3,strong_hub,160864,190,4,0.097706,0.355988
primary_score_ge_2,"Primary hubs, service score >=2",SPOKE_0013,Diima HC III,collocated_candidate_nbs,0,1,HF3024,HC III,KIRYANDONGO,32.22003,2.16412,HF2376,Aber Ngo HOSPITAL,General Hospital,Private Not For Profit,LANGO,32.34108,2.12815,14.036,within_25_km,partial,partial_linkage,strengthen_assigned_hub,TRUE,FALSE,FALSE,1,0,0,1,2,0.5,partial_hub_score_2,partial_hub,128850,724,4,0.097373,0.421997
primary_score_ge_2,"Primary hubs, service score >=2",SPOKE_0005,Alanyi HC III,collocated_candidate_nbs,0,1,HF1862,HC III,ALEBTONG,33.26303,2.13244,HF1868,Alebtong HC IV,HC IV,Government,LANGO,33.23659,2.26365,14.798,within_25_km,partial,partial_linkage,strengthen_assigned_hub,TRUE,FALSE,FALSE,1,1,0,0,2,0.5,partial_hub_score_2,partial_hub,124673,0,0,0.09574,0.364924
primary_score_ge_2,"Primary hubs, service score >=2",SPOKE_0035,Alanyi HC III,existing_nbs,1,0,HF1862,HC III,ALEBTONG,33.26303,2.13244,HF1868,Alebtong HC IV,HC IV,Government,LANGO,33.23659,2.26365,14.798,within_25_km,partial,partial_linkage,strengthen_assigned_hub,TRUE,FALSE,FALSE,1,1,0,0,2,0.5,partial_hub_score_2,partial_hub,124673,0,0,0.09574,0.364924
primary_score_ge_2,"Primary hubs, service score >=2",SPOKE_0144,Ngora Ngo HOSPITAL,existing_nbs,1,0,HF1591,General Hospital,NGORA,33.7934,1.47733,HF1421,Kadami HOSPITAL,General Hospital,Private Not For Profit,TESO,33.80859,1.34172,15.085,within_25_km,functional,stronger_linkage,standard_linkage,FALSE,FALSE,FALSE,1,1,1,1,4,0,full_hub_score_4,full_hub,94576,155,4,0.087782,0.33037
primary_score_ge_2,"Primary hubs, service score >=2",SPOKE_0076,Kaberamaido HC IV,existing_nbs,1,0,HF1269,HC IV,KABERAMAIDO,33.16359,1.77863,HF2019,Dokolo HC IV,HC IV,Government,LANGO,33.17266,1.919833,15.64,within_25_km,partial,partial_linkage,strengthen_assigned_hub,TRUE,FALSE,FALSE,1,1,0,0,2,0.5,partial_hub_score_2,partial_hub,153861,0,0,0.083855,0.287299
primary_score_ge_2,"Primary hubs, service score >=2",SPOKE_0029,Abako-Elim HC II,existing_nbs,1,0,HF1874,HC II,ALEBTONG,33.20304,2.12141,HF1868,Alebtong HC IV,HC IV,Government,LANGO,33.23659,2.26365,16.159,within_25_km,partial,partial_linkage,strengthen_assigned_hub,TRUE,FALSE,FALSE,1,1,0,0,2,0.5,partial_hub_score_2,partial_hub,124673,0,0,0.09574,0.364924
primary_score_ge_2,"Primary hubs, service score >=2",SPOKE_0001,Abarilela HC III,collocated_candidate_nbs,0,1,HF0960,HC III,AMURIA,33.81817,1.962,HF1375,Katakwi General Hospital,General Hospital,Government,TESO,33.96227,1.92008,16.684,within_25_km,functional,stronger_linkage,standard_linkage,FALSE,FALSE,FALSE,1,1,0,1,3,0.25,strong_hub_score_3,strong_hub,111728,957,1,0.061564,0.483768
primary_score_ge_2,"Primary hubs, service score >=2",SPOKE_0143,Ngora Gvt HC IV,existing_nbs,1,0,HF1595,HC IV,NGORA,33.80532,1.49346,HF1421,Kadami HOSPITAL,General Hospital,Private Not For Profit,TESO,33.80859,1.34172,16.778,within_25_km,functional,stronger_linkage,standard_linkage,FALSE,FALSE,FALSE,1,1,1,1,4,0,full_hub_score_4,full_hub,94576,155,4,0.087782,0.33037
primary_score_ge_2,"Primary hubs, service score >=2",SPOKE_0065,Buwenge HC IV,existing_nbs,1,0,HF1237,HC IV,JINJA,33.16965,0.65229,HF0298,Kangulumira HC IV,HC IV,Government,NORTH BUGANDA,33.03127,0.58534,17.083,within_25_km,partial,partial_linkage,strengthen_assigned_hub,TRUE,FALSE,FALSE,0,0,1,1,2,0.5,partial_hub_score_2,partial_hub,109538,71,0,0.090342,0.220796
primary_score_ge_2,"Primary hubs, service score >=2",SPOKE_0154,Sekiwunga HC III,existing_nbs,1,0,HF0572,HC III,MPIGI,32.40002,0.27582,HF0281,Lubaga HOSPITAL,General Hospital,Private Not For Profit,KAMPALA,32.551622,0.30797,17.24,within_25_km,functional,stronger_linkage,standard_linkage,FALSE,FALSE,FALSE,1,0,1,1,3,0.25,strong_hub_score_3,strong_hub,594380,383,4,0.074318,0.099582
primary_score_ge_2,"Primary hubs, service score >=2",SPOKE_0121,Mbale REGIONAL REF HOSPITAL,existing_nbs,1,0,HF1536,RR Hospital,MBALE,34.175455,1.077161,HF1530,Busiu HC IV,HC IV,Government,BUGISU,34.160205,0.921866,17.252,within_25_km,partial,partial_linkage,strengthen_assigned_hub,TRUE,FALSE,FALSE,1,1,0,0,2,0.5,partial_hub_score_2,partial_hub,241986,0,0,0.083648,0.220916
primary_score_ge_2,"Primary hubs, service score >=2",SPOKE_0094,Kibuku HC IV,existing_nbs,1,0,HF1405,HC IV,KIBUKU,33.79967,1.05046,HF0998,Budaka HC IV,HC IV,Government,BUKEDI,33.95179,1.01983,17.262,within_25_km,partial,partial_linkage,strengthen_assigned_hub,TRUE,FALSE,FALSE,1,1,0,0,2,0.5,partial_hub_score_2,partial_hub,230903,0,0,0.089879,0.235467
primary_score_ge_2,"Primary hubs, service score >=2",SPOKE_0147,Omoro HC III,existing_nbs,1,0,HF1878,HC III,ALEBTONG,33.39233,2.23926,HF1868,Alebtong HC IV,HC IV,Government,LANGO,33.23659,2.26365,17.526,within_25_km,partial,partial_linkage,strengthen_assigned_hub,TRUE,FALSE,FALSE,1,1,0,0,2,0.5,partial_hub_score_2,partial_hub,124673,0,0,0.09574,0.364924
primary_score_ge_2,"Primary hubs, service score >=2",SPOKE_0148,Omoro HC III,existing_nbs,1,0,HF1878,HC III,ALEBTONG,33.39233,2.23926,HF1868,Alebtong HC IV,HC IV,Government,LANGO,33.23659,2.26365,17.526,within_25_km,partial,partial_linkage,strengthen_assigned_hub,TRUE,FALSE,FALSE,1,1,0,0,2,0.5,partial_hub_score_2,partial_hub,124673,0,0,0.09574,0.364924
primary_score_ge_2,"Primary hubs, service score >=2",SPOKE_0108,Kwera HC III,existing_nbs,1,0,HF2021,HC III,DOKOLO,33.029033,1.844153,HF2019,Dokolo HC IV,HC IV,Government,LANGO,33.17266,1.919833,18.031,within_25_km,partial,partial_linkage,strengthen_assigned_hub,TRUE,FALSE,FALSE,1,1,0,0,2,0.5,partial_hub_score_2,partial_hub,153861,0,0,0.083855,0.287299
primary_score_ge_2,"Primary hubs, service score >=2",SPOKE_0085,Kangai HC III,existing_nbs,1,0,HF2020,HC III,DOKOLO,33.03894,1.82251,HF2019,Dokolo HC IV,HC IV,Government,LANGO,33.17266,1.919833,18.355,within_25_km,partial,partial_linkage,strengthen_assigned_hub,TRUE,FALSE,FALSE,1,1,0,0,2,0.5,partial_hub_score_2,partial_hub,153861,0,0,0.083855,0.287299
primary_score_ge_2,"Primary hubs, service score >=2",SPOKE_0047,Apapai HC IV,existing_nbs,1,0,HF1629,HC IV,SERERE,33.29067,1.52954,HF1643,Serere HC IV,HC IV,Government,TESO,33.45971,1.52179,18.823,within_25_km,partial,partial_linkage,strengthen_assigned_hub,TRUE,FALSE,FALSE,1,1,0,0,2,0.5,partial_hub_score_2,partial_hub,269660,0,0,0.089136,0.315287
primary_score_ge_2,"Primary hubs, service score >=2",SPOKE_0008,Asuret HC III,collocated_candidate_nbs,0,1,HF1681,HC III,SOROTI,33.598918,1.628748,HF1643,Serere HC IV,HC IV,Government,TESO,33.45971,1.52179,19.482,within_25_km,partial,partial_linkage,strengthen_assigned_hub,TRUE,FALSE,FALSE,1,1,0,0,2,0.5,partial_hub_score_2,partial_hub,269660,0,0,0.089136,0.315287
primary_score_ge_2,"Primary hubs, service score >=2",SPOKE_0151,Pallisa HOSPITAL,existing_nbs,1,0,HF1617,General Hospital,PALLISA,33.711171,1.178446,HF1421,Kadami HOSPITAL,General Hospital,Private Not For Profit,TESO,33.80859,1.34172,21.053,within_25_km,functional,stronger_linkage,standard_linkage,FALSE,FALSE,FALSE,1,1,1,1,4,0,full_hub_score_4,full_hub,94576,155,4,0.087782,0.33037
primary_score_ge_2,"Primary hubs, service score >=2",SPOKE_0141,Nawanyago HC III,existing_nbs,1,0,HF1344,HC III,KAMULI,33.14849,0.73859,HF0298,Kangulumira HC IV,HC IV,Government,NORTH BUGANDA,33.03127,0.58534,21.378,within_25_km,partial,partial_linkage,strengthen_assigned_hub,TRUE,FALSE,FALSE,0,0,1,1,2,0.5,partial_hub_score_2,partial_hub,109538,71,0,0.090342,0.220796
primary_score_ge_2,"Primary hubs, service score >=2",SPOKE_0025,Padibe West HC III,collocated_candidate_nbs,0,1,HF2192,HC III,LAMWO,32.81643,3.4872,HF2124,Kitgum HOSPITAL,General Hospital,Government,ACHOLI,32.88092,3.29792,22.114,within_25_km,functional,stronger_linkage,standard_linkage,FALSE,FALSE,FALSE,1,1,1,1,4,0,full_hub_score_4,full_hub,150715,629,5,0.080921,0.41065
primary_score_ge_2,"Primary hubs, service score >=2",SPOKE_0032,Acowa HC III,existing_nbs,1,0,HF0963,HC III,AMURIA,33.79804,2.07524,HF0975,Kapelebyong HC IV,HC IV,Government,TESO,33.77463,2.27848,22.617,within_25_km,partial,partial_linkage,strengthen_assigned_hub,TRUE,FALSE,FALSE,1,0,0,1,2,0.5,partial_hub_score_2,partial_hub,62411,192,5,0.06439,0.498163
primary_score_ge_2,"Primary hubs, service score >=2",SPOKE_0012,Buyinja  HC IV,collocated_candidate_nbs,0,1,HF1547,HC IV,NAMAYINGO,33.87629,0.3358,HF1113,Dabani HOSPITAL,General Hospital,Private Not For Profit,BUKEDI,34.051798,0.439779,22.663,within_25_km,functional,stronger_linkage,standard_linkage,FALSE,FALSE,FALSE,1,1,1,1,4,0,full_hub_score_4,full_hub,297299,556,5,0.09492,0.359669
primary_score_ge_2,"Primary hubs, service score >=2",SPOKE_0066,Buyinja  HC IV,existing_nbs,1,0,HF1547,HC IV,NAMAYINGO,33.87629,0.3358,HF1113,Dabani HOSPITAL,General Hospital,Private Not For Profit,BUKEDI,34.051798,0.439779,22.663,within_25_km,functional,stronger_linkage,standard_linkage,FALSE,FALSE,FALSE,1,1,1,1,4,0,full_hub_score_4,full_hub,297299,556,5,0.09492,0.359669
primary_score_ge_2,"Primary hubs, service score >=2",SPOKE_0125,Mpigi   HC IV,existing_nbs,1,0,HF0583,HC IV,MPIGI,32.32213,0.22554,HF0052,Gombe HOSPITAL,General Hospital,Government,SOUTH BUGANDA,32.114144,0.184416,23.588,within_25_km,partial,partial_linkage,strengthen_assigned_hub,TRUE,FALSE,FALSE,0,0,1,1,2,0.5,partial_hub_score_2,partial_hub,143579,100,4,0.064401,0.119993
primary_score_ge_2,"Primary hubs, service score >=2",SPOKE_0087,Kasese Municipal Council HC III,existing_nbs,1,0,HF2918,HC III,KASESE,30.07775636,0.17869448,HF2891,Kagando HOSPITAL,General Hospital,Private Not For Profit,TORO,29.89819,0.06332,23.737,within_25_km,functional,stronger_linkage,standard_linkage,FALSE,FALSE,FALSE,1,0,1,1,3,0.25,strong_hub_score_3,strong_hub,328735,387,22,0.039545,0.111526
primary_score_ge_2,"Primary hubs, service score >=2",SPOKE_0105,Kiyunga HC IV,existing_nbs,1,0,HF1475,HC IV,LUUKA,33.33111,0.76647,HF1166,Iganga HOSPITAL,General Hospital,Government,BUSOGA,33.48449,0.61649,23.793,within_25_km,functional,stronger_linkage,standard_linkage,FALSE,FALSE,FALSE,1,1,1,1,4,0,full_hub_score_4,full_hub,449866,1041,5,0.092036,0.345232
primary_score_ge_2,"Primary hubs, service score >=2",SPOKE_0043,Amuru HC III,existing_nbs,1,0,HF1896,HC III,AMURU,32.022891,2.812358,HF2353,Anaka HOSPITAL,General Hospital,Government,ACHOLI,31.94798,2.60271,24.627,within_25_km,functional,stronger_linkage,standard_linkage,FALSE,FALSE,FALSE,1,1,1,1,4,0,full_hub_score_4,full_hub,151427,1041,4,0.088435,0.391597
primary_score_ge_2,"Primary hubs, service score >=2",SPOKE_0109,Laguti HC III,existing_nbs,1,0,HF2414,HC III,PADER,32.82044,3.07246,HF2124,Kitgum HOSPITAL,General Hospital,Government,ACHOLI,32.88092,3.29792,25.811,25_to_50_km,moderate_functional,stronger_linkage,standard_linkage,FALSE,FALSE,FALSE,1,1,1,1,4,0,full_hub_score_4,full_hub,150715,629,5,0.080921,0.41065
primary_score_ge_2,"Primary hubs, service score >=2",SPOKE_0145,Nsinze HC IV,existing_nbs,1,0,HF1583,HC IV,NAMUTUMBA,33.60926,0.81833,HF1166,Iganga HOSPITAL,General Hospital,Government,BUSOGA,33.48449,0.61649,26.277,25_to_50_km,moderate_functional,stronger_linkage,standard_linkage,FALSE,FALSE,FALSE,1,1,1,1,4,0,full_hub_score_4,full_hub,449866,1041,5,0.092036,0.345232
primary_score_ge_2,"Primary hubs, service score >=2",SPOKE_0033,Adwir HC II,existing_nbs,1,0,HF1875,HC II,ALEBTONG,33.4727,2.29121,HF1868,Alebtong HC IV,HC IV,Government,LANGO,33.23659,2.26365,26.429,25_to_50_km,moderate_partial,partial_linkage,strengthen_assigned_hub,TRUE,FALSE,FALSE,1,1,0,0,2,0.5,partial_hub_score_2,partial_hub,124673,0,0,0.09574,0.364924
primary_score_ge_2,"Primary hubs, service score >=2",SPOKE_0007,Apala HC III,collocated_candidate_nbs,0,1,HF1872,HC III,ALEBTONG,33.04103,2.40401,HF1868,Alebtong HC IV,HC IV,Government,LANGO,33.23659,2.26365,26.711,25_to_50_km,moderate_partial,partial_linkage,strengthen_assigned_hub,TRUE,FALSE,FALSE,1,1,0,0,2,0.5,partial_hub_score_2,partial_hub,124673,0,0,0.09574,0.364924
primary_score_ge_2,"Primary hubs, service score >=2",SPOKE_0138,Namutumba HC III,existing_nbs,1,0,HF1578,HC III,NAMUTUMBA,33.68688,0.8387,HF1125,Busolwe HOSPITAL,General Hospital,Government,BUKEDI,33.928311,0.852506,26.908,25_to_50_km,moderate_functional,stronger_linkage,standard_linkage,FALSE,FALSE,FALSE,1,1,1,1,4,0,full_hub_score_4,full_hub,195701,679,11,0.093691,0.219096
primary_score_ge_2,"Primary hubs, service score >=2",SPOKE_0166,TASO Soroti CLINIC,existing_nbs,1,0,HF1692,Clinic,SOROTI,33.613078,1.716939,HF1643,Serere HC IV,HC IV,Government,TESO,33.45971,1.52179,27.502,25_to_50_km,moderate_partial,partial_linkage,strengthen_assigned_hub,TRUE,FALSE,FALSE,1,1,0,0,2,0.5,partial_hub_score_2,partial_hub,269660,0,0,0.089136,0.315287
primary_score_ge_2,"Primary hubs, service score >=2",SPOKE_0156,Soroti REGIONAL REF HOSPITAL,existing_nbs,1,0,HF1698,RR Hospital,SOROTI,33.61395,1.71849,HF1643,Serere HC IV,HC IV,Government,TESO,33.45971,1.52179,27.696,25_to_50_km,moderate_partial,partial_linkage,strengthen_assigned_hub,TRUE,FALSE,FALSE,1,1,0,0,2,0.5,partial_hub_score_2,partial_hub,269660,0,0,0.089136,0.315287
primary_score_ge_2,"Primary hubs, service score >=2",SPOKE_0011,Bbaale HC IV,collocated_candidate_nbs,0,1,HF0290,HC IV,KAYUNGA,32.88569,1.1056,HF1147,Kidera HC IV,HC IV,Government,BUSOGA,32.989,1.33687,28.027,25_to_50_km,moderate_partial,partial_linkage,strengthen_assigned_hub,TRUE,FALSE,FALSE,1,1,0,0,2,0.5,partial_hub_score_2,partial_hub,111894,0,0,0.08849,0.327385
primary_score_ge_2,"Primary hubs, service score >=2",SPOKE_0038,Amach HC IV,existing_nbs,1,0,HF2211,HC IV,LIRA,33.00555,2.11163,HF2019,Dokolo HC IV,HC IV,Government,LANGO,33.17266,1.919833,28.192,25_to_50_km,moderate_partial,partial_linkage,strengthen_assigned_hub,TRUE,FALSE,FALSE,1,1,0,0,2,0.5,partial_hub_score_2,partial_hub,153861,0,0,0.083855,0.287299
primary_score_ge_2,"Primary hubs, service score >=2",SPOKE_0015,Morungatuny HC III,collocated_candidate_nbs,0,1,HF0981,HC III,AMURIA,33.47681,2.17372,HF1868,Alebtong HC IV,HC IV,Government,LANGO,33.23659,2.26365,28.501,25_to_50_km,moderate_partial,partial_linkage,strengthen_assigned_hub,TRUE,FALSE,FALSE,1,1,0,0,2,0.5,partial_hub_score_2,partial_hub,124673,0,0,0.09574,0.364924
primary_score_ge_2,"Primary hubs, service score >=2",SPOKE_0088,Kassanda HC IV,existing_nbs,1,0,HF0608,HC IV,MUBENDE,31.8214,0.5515,HF0316,Bukomero HC IV,HC IV,Government,NORTH BUGANDA,32.03981,0.6907,28.768,25_to_50_km,moderate_partial,partial_linkage,strengthen_assigned_hub,TRUE,FALSE,FALSE,1,1,0,0,2,0.5,partial_hub_score_2,partial_hub,86711,0,0,0.068178,0.152059
primary_score_ge_2,"Primary hubs, service score >=2",SPOKE_0028,Tubur HC III,collocated_candidate_nbs,0,1,HF1702,HC III,SOROTI,33.51942,1.95525,HF1276,Lwala HOSPITAL,General Hospital,Private Not For Profit,TESO,33.27758,1.86232,28.791,25_to_50_km,moderate_partial,partial_linkage,strengthen_assigned_hub,TRUE,FALSE,FALSE,0,0,1,1,2,0.5,partial_hub_score_2,partial_hub,119681,864,11,0.073597,0.302355
primary_score_ge_2,"Primary hubs, service score >=2",SPOKE_0021,Olilim HC III,collocated_candidate_nbs,0,1,HF2373,HC III,OTUKE,33.50511,2.4486,HF1769,Abim HOSPITAL,General Hospital,Government,KARAMOJA,33.66236,2.67686,30.696,25_to_50_km,moderate_partial,partial_linkage,strengthen_assigned_hub,TRUE,FALSE,FALSE,0,0,1,1,2,0.5,partial_hub_score_2,partial_hub,42977,556,5,0.084148,0.472325
primary_score_ge_2,"Primary hubs, service score >=2",SPOKE_0042,Amuria HC IV,existing_nbs,1,0,HF0966,HC IV,AMURIA,33.64034,2.03481,HF0975,Kapelebyong HC IV,HC IV,Government,TESO,33.77463,2.27848,30.798,25_to_50_km,moderate_partial,partial_linkage,strengthen_assigned_hub,TRUE,FALSE,FALSE,1,0,0,1,2,0.5,partial_hub_score_2,partial_hub,62411,192,5,0.06439,0.498163
primary_score_ge_2,"Primary hubs, service score >=2",SPOKE_0016,Namugongo HC III,collocated_candidate_nbs,0,1,HF1290,HC III,KALIRO,33.48277,0.89568,HF1166,Iganga HOSPITAL,General Hospital,Government,BUSOGA,33.48449,0.61649,30.861,25_to_50_km,moderate_functional,stronger_linkage,standard_linkage,FALSE,FALSE,FALSE,1,1,1,1,4,0,full_hub_score_4,full_hub,449866,1041,5,0.092036,0.345232
primary_score_ge_2,"Primary hubs, service score >=2",SPOKE_0137,Namugongo HC III,existing_nbs,1,0,HF1290,HC III,KALIRO,33.48277,0.89568,HF1166,Iganga HOSPITAL,General Hospital,Government,BUSOGA,33.48449,0.61649,30.861,25_to_50_km,moderate_functional,stronger_linkage,standard_linkage,FALSE,FALSE,FALSE,1,1,1,1,4,0,full_hub_score_4,full_hub,449866,1041,5,0.092036,0.345232
primary_score_ge_2,"Primary hubs, service score >=2",SPOKE_0027,Patongo HC III,collocated_candidate_nbs,0,1,HF1856,HC IV,AGAGO,33.303782,2.778143,HF1831,Kalongo Ambrosoli Memorial HOSPITAL,General Hospital,Private Not For Profit,ACHOLI,33.43579,3.02789,31.262,25_to_50_km,moderate_functional,stronger_linkage,standard_linkage,FALSE,FALSE,FALSE,1,1,1,1,4,0,full_hub_score_4,full_hub,33544,1408,17,0.078423,0.440943
primary_score_ge_2,"Primary hubs, service score >=2",SPOKE_0131,Nabisoigi HC III,existing_nbs,1,0,HF1563,HC III,NAMUTUMBA,33.60543,0.87342,HF1166,Iganga HOSPITAL,General Hospital,Government,BUSOGA,33.48449,0.61649,31.427,25_to_50_km,moderate_functional,stronger_linkage,standard_linkage,FALSE,FALSE,FALSE,1,1,1,1,4,0,full_hub_score_4,full_hub,449866,1041,5,0.092036,0.345232
primary_score_ge_2,"Primary hubs, service score >=2",SPOKE_0026,Parombo HC III,collocated_candidate_nbs,0,1,HF2344,HC III,NEBBI,31.19591,2.30068,HF2481,Buliisa Hospital,General Hospital,Government,BUNYORO,31.41245,2.11622,31.564,25_to_50_km,moderate_functional,stronger_linkage,standard_linkage,FALSE,FALSE,FALSE,1,1,1,1,4,0,full_hub_score_4,full_hub,120553,206,10,0.080853,0.336616
primary_score_ge_2,"Primary hubs, service score >=2",SPOKE_0006,Alerek HC III,collocated_candidate_nbs,0,1,HF1773,HC III,ABIM,33.73088,2.95626,HF1769,Abim HOSPITAL,General Hospital,Government,KARAMOJA,33.66236,2.67686,31.81,25_to_50_km,moderate_partial,partial_linkage,strengthen_assigned_hub,TRUE,FALSE,FALSE,0,0,1,1,2,0.5,partial_hub_score_2,partial_hub,42977,556,5,0.084148,0.472325
primary_score_ge_2,"Primary hubs, service score >=2",SPOKE_0023,Ongako HC III,collocated_candidate_nbs,0,1,HF2079,HC III,OMORO,32.22965,2.67768,HF2353,Anaka HOSPITAL,General Hospital,Government,ACHOLI,31.94798,2.60271,32.392,25_to_50_km,moderate_functional,stronger_linkage,standard_linkage,FALSE,FALSE,FALSE,1,1,1,1,4,0,full_hub_score_4,full_hub,151427,1041,4,0.088435,0.391597
primary_score_ge_2,"Primary hubs, service score >=2",SPOKE_0162,St. Matia Mulumba HC III,existing_nbs,1,0,HF0614,HC III,MUBENDE,31.66396,0.457,HF0650,Mubende RR HOSPITAL,RR Hospital,Government,NORTH BUGANDA,31.39248,0.56742,32.591,25_to_50_km,moderate_functional,stronger_linkage,standard_linkage,FALSE,FALSE,FALSE,1,0,1,1,3,0.25,strong_hub_score_3,strong_hub,250907,0,0,0.053702,0.191425
primary_score_ge_2,"Primary hubs, service score >=2",SPOKE_0002,Abedober HC III,collocated_candidate_nbs,0,1,HF1921,HC III,APAC,32.8508,1.94593,HF1882,Amolatar HC IV,HC IV,Government,LANGO,32.842983,1.640539,33.767,25_to_50_km,moderate_partial,partial_linkage,strengthen_assigned_hub,TRUE,FALSE,FALSE,1,1,0,0,2,0.5,partial_hub_score_2,partial_hub,141470,0,0,0.085375,0.272265
primary_score_ge_2,"Primary hubs, service score >=2",SPOKE_0045,Anyeke HC IV,existing_nbs,1,0,HF2400,HC IV,OYAM,32.50921,2.39086,HF2376,Aber Ngo HOSPITAL,General Hospital,Private Not For Profit,LANGO,32.34108,2.12815,34.537,25_to_50_km,moderate_partial,partial_linkage,strengthen_assigned_hub,TRUE,FALSE,FALSE,1,0,0,1,2,0.5,partial_hub_score_2,partial_hub,128850,724,4,0.097373,0.421997
primary_score_ge_2,"Primary hubs, service score >=2",SPOKE_0004,Akokoro HC III,collocated_candidate_nbs,0,1,HF1930,HC III,APAC,32.39149,1.69949,HF1934,Apac HOSPITAL,General Hospital,Government,LANGO,32.533801,1.981577,34.968,25_to_50_km,moderate_functional,stronger_linkage,standard_linkage,FALSE,FALSE,FALSE,1,1,1,1,4,0,full_hub_score_4,full_hub,116013,737,12,0.087798,0.430962
primary_score_ge_2,"Primary hubs, service score >=2",SPOKE_0097,Kiganda HC IV,existing_nbs,1,0,HF0615,HC IV,MUBENDE,31.68427,0.44964,HF0650,Mubende RR HOSPITAL,RR Hospital,Government,NORTH BUGANDA,31.39248,0.56742,34.992,25_to_50_km,moderate_functional,stronger_linkage,standard_linkage,FALSE,FALSE,FALSE,1,0,1,1,3,0.25,strong_hub_score_3,strong_hub,250907,0,0,0.053702,0.191425
primary_score_ge_2,"Primary hubs, service score >=2",SPOKE_0142,Ngetta HC III,existing_nbs,1,0,HF2226,HC III,LIRA,32.92578,2.31442,HF1868,Alebtong HC IV,HC IV,Government,LANGO,33.23659,2.26365,35.011,25_to_50_km,moderate_partial,partial_linkage,strengthen_assigned_hub,TRUE,FALSE,FALSE,1,1,0,0,2,0.5,partial_hub_score_2,partial_hub,124673,0,0,0.09574,0.364924
primary_score_ge_2,"Primary hubs, service score >=2",SPOKE_0003,Agulurude HC III,collocated_candidate_nbs,0,1,HF2392,HC III,OYAM,32.6103,2.2945,HF2376,Aber Ngo HOSPITAL,General Hospital,Private Not For Profit,LANGO,32.34108,2.12815,35.133,25_to_50_km,moderate_partial,partial_linkage,strengthen_assigned_hub,TRUE,FALSE,FALSE,1,0,0,1,2,0.5,partial_hub_score_2,partial_hub,128850,724,4,0.097373,0.421997
primary_score_ge_2,"Primary hubs, service score >=2",SPOKE_0041,Amuria Abia HC II GOVT,existing_nbs,1,0,HF0978,HC II,AMURIA,33.57547,1.9823,HF1276,Lwala HOSPITAL,General Hospital,Private Not For Profit,TESO,33.27758,1.86232,35.686,25_to_50_km,moderate_partial,partial_linkage,strengthen_assigned_hub,TRUE,FALSE,FALSE,0,0,1,1,2,0.5,partial_hub_score_2,partial_hub,119681,864,11,0.073597,0.302355
primary_score_ge_2,"Primary hubs, service score >=2",SPOKE_0150,Pajule HC IV,existing_nbs,1,0,HF2428,HC IV,PADER,32.9339,2.97852,HF2124,Kitgum HOSPITAL,General Hospital,Government,ACHOLI,32.88092,3.29792,35.792,25_to_50_km,moderate_functional,stronger_linkage,standard_linkage,FALSE,FALSE,FALSE,1,1,1,1,4,0,full_hub_score_4,full_hub,150715,629,5,0.080921,0.41065
primary_score_ge_2,"Primary hubs, service score >=2",SPOKE_0022,Omiya Anyima HC III,collocated_candidate_nbs,0,1,HF2141,HC III,KITGUM,33.20667,3.27004,HF2124,Kitgum HOSPITAL,General Hospital,Government,ACHOLI,32.88092,3.29792,36.32,25_to_50_km,moderate_functional,stronger_linkage,standard_linkage,FALSE,FALSE,FALSE,1,1,1,1,4,0,full_hub_score_4,full_hub,150715,629,5,0.080921,0.41065
primary_score_ge_2,"Primary hubs, service score >=2",SPOKE_0146,Omiya Anyima HC III,existing_nbs,1,0,HF2141,HC III,KITGUM,33.20667,3.27004,HF2124,Kitgum HOSPITAL,General Hospital,Government,ACHOLI,32.88092,3.29792,36.32,25_to_50_km,moderate_functional,stronger_linkage,standard_linkage,FALSE,FALSE,FALSE,1,1,1,1,4,0,full_hub_score_4,full_hub,150715,629,5,0.080921,0.41065
primary_score_ge_2,"Primary hubs, service score >=2",SPOKE_0111,Lira REGIONAL REF HOSPITAL,existing_nbs,1,0,HF2206,RR Hospital,LIRA,32.90135,2.25553,HF1868,Alebtong HC IV,HC IV,Government,LANGO,33.23659,2.26365,37.286,25_to_50_km,moderate_partial,partial_linkage,strengthen_assigned_hub,TRUE,FALSE,FALSE,1,1,0,0,2,0.5,partial_hub_score_2,partial_hub,124673,0,0,0.09574,0.364924
primary_score_ge_2,"Primary hubs, service score >=2",SPOKE_0136,Nakitoma HC III,existing_nbs,1,0,HF0755,HC III,NAKASONGOLA,32.098823,1.509118,HF0720,Ngoma HC IV,HC IV,Government,NORTH BUGANDA,32.1744,1.17613,37.758,25_to_50_km,moderate_partial,partial_linkage,strengthen_assigned_hub,TRUE,FALSE,FALSE,1,1,0,0,2,0.5,partial_hub_score_2,partial_hub,4217,0,0,0.077733,0.197114
primary_score_ge_2,"Primary hubs, service score >=2",SPOKE_0149,PAG Mission HC IV,existing_nbs,1,0,HF2222,HC IV,LIRA,32.89773,2.23864,HF1868,Alebtong HC IV,HC IV,Government,LANGO,33.23659,2.26365,37.779,25_to_50_km,moderate_partial,partial_linkage,strengthen_assigned_hub,TRUE,FALSE,FALSE,1,1,0,0,2,0.5,partial_hub_score_2,partial_hub,124673,0,0,0.09574,0.364924
primary_score_ge_2,"Primary hubs, service score >=2",SPOKE_0112,Lokung HC III,existing_nbs,1,0,HF2184,HC III,LAMWO,32.7073,3.59514,HF2124,Kitgum HOSPITAL,General Hospital,Government,ACHOLI,32.88092,3.29792,38.095,25_to_50_km,moderate_functional,stronger_linkage,standard_linkage,FALSE,FALSE,FALSE,1,1,1,1,4,0,full_hub_score_4,full_hub,150715,629,5,0.080921,0.41065
primary_score_ge_2,"Primary hubs, service score >=2",SPOKE_0048,Atanga HC III,existing_nbs,1,0,HF2405,HC III,PADER,32.72317,2.99077,HF2124,Kitgum HOSPITAL,General Hospital,Government,ACHOLI,32.88092,3.29792,38.208,25_to_50_km,moderate_functional,stronger_linkage,standard_linkage,FALSE,FALSE,FALSE,1,1,1,1,4,0,full_hub_score_4,full_hub,150715,629,5,0.080921,0.41065
primary_score_ge_2,"Primary hubs, service score >=2",SPOKE_0161,St. Mary's Hospital Lacor,existing_nbs,1,0,HF2029,General Hospital,GULU,32.25254,2.76599,HF2353,Anaka HOSPITAL,General Hospital,Government,ACHOLI,31.94798,2.60271,38.368,25_to_50_km,moderate_functional,stronger_linkage,standard_linkage,FALSE,FALSE,FALSE,1,1,1,1,4,0,full_hub_score_4,full_hub,151427,1041,4,0.088435,0.391597
primary_score_ge_2,"Primary hubs, service score >=2",SPOKE_0020,Okwang HC III,collocated_candidate_nbs,0,1,HF2371,HC III,OTUKE,33.14869,2.6032,HF1868,Alebtong HC IV,HC IV,Government,LANGO,33.23659,2.26365,38.783,25_to_50_km,moderate_partial,partial_linkage,strengthen_assigned_hub,TRUE,FALSE,FALSE,1,1,0,0,2,0.5,partial_hub_score_2,partial_hub,124673,0,0,0.09574,0.364924
primary_score_ge_2,"Primary hubs, service score >=2",SPOKE_0019,Ogur HC IV,collocated_candidate_nbs,0,1,HF2228,HC IV,LIRA,32.93588,2.44195,HF1868,Alebtong HC IV,HC IV,Government,LANGO,33.23659,2.26365,38.81,25_to_50_km,moderate_partial,partial_linkage,strengthen_assigned_hub,TRUE,FALSE,FALSE,1,1,0,0,2,0.5,partial_hub_score_2,partial_hub,124673,0,0,0.09574,0.364924
primary_score_ge_2,"Primary hubs, service score >=2",SPOKE_0067,Charis HC III,existing_nbs,1,0,HF2231,HC III,LIRA,32.88631,2.2461,HF1868,Alebtong HC IV,HC IV,Government,LANGO,33.23659,2.26365,38.996,25_to_50_km,moderate_partial,partial_linkage,strengthen_assigned_hub,TRUE,FALSE,FALSE,1,1,0,0,2,0.5,partial_hub_score_2,partial_hub,124673,0,0,0.09574,0.364924
primary_score_ge_2,"Primary hubs, service score >=2",SPOKE_0017,Namwiwa HC III,collocated_candidate_nbs,0,1,HF1291,HC III,KALIRO,33.55064,1.08656,HF1421,Kadami HOSPITAL,General Hospital,Private Not For Profit,TESO,33.80859,1.34172,40.239,25_to_50_km,moderate_functional,stronger_linkage,standard_linkage,FALSE,FALSE,FALSE,1,1,1,1,4,0,full_hub_score_4,full_hub,94576,155,4,0.087782,0.33037
primary_score_ge_2,"Primary hubs, service score >=2",SPOKE_0018,Ober HC III,collocated_candidate_nbs,0,1,HF2230,HC III,LIRA,32.87364,2.25697,HF1868,Alebtong HC IV,HC IV,Government,LANGO,33.23659,2.26365,40.363,25_to_50_km,moderate_partial,partial_linkage,strengthen_assigned_hub,TRUE,FALSE,FALSE,1,1,0,0,2,0.5,partial_hub_score_2,partial_hub,124673,0,0,0.09574,0.364924
primary_score_ge_2,"Primary hubs, service score >=2",SPOKE_0153,Rugazi HC IV,existing_nbs,1,0,HF3255,HC IV,RUBIRIZI,30.102629,-0.259324,HF2594,Ibanda HOSPITAL,General Hospital,Private Not For Profit,ANKOLE,30.44786,-0.13048,41.017,25_to_50_km,moderate_partial,partial_linkage,strengthen_assigned_hub,TRUE,FALSE,FALSE,0,0,1,1,2,0.5,partial_hub_score_2,partial_hub,42035,137,5,0.025748,0.12592
primary_score_ge_2,"Primary hubs, service score >=2",SPOKE_0058,Bumanya HC IV,existing_nbs,1,0,HF1281,HC IV,KALIRO,33.49555,1.00204,HF1313,Kamuli Mission Hospital,General Hospital,Private Not For Profit,BUSOGA,33.12793,0.93169,41.634,25_to_50_km,moderate_functional,stronger_linkage,standard_linkage,FALSE,FALSE,FALSE,1,0,1,1,3,0.25,strong_hub_score_3,strong_hub,160864,190,4,0.097706,0.355988
primary_score_ge_2,"Primary hubs, service score >=2",SPOKE_0056,Bujubuli HC III,existing_nbs,1,0,HF3051,HC III,KYEGEGWA,31.07983,0.35827,HF0650,Mubende RR HOSPITAL,RR Hospital,Government,NORTH BUGANDA,31.39248,0.56742,41.789,25_to_50_km,moderate_functional,stronger_linkage,standard_linkage,FALSE,FALSE,FALSE,1,0,1,1,3,0.25,strong_hub_score_3,strong_hub,250907,0,0,0.053702,0.191425
primary_score_ge_2,"Primary hubs, service score >=2",SPOKE_0040,Amuca SDA HC III,existing_nbs,1,0,HF2224,HC III,LIRA,32.85441,2.26656,HF1868,Alebtong HC IV,HC IV,Government,LANGO,33.23659,2.26365,42.495,25_to_50_km,moderate_partial,partial_linkage,strengthen_assigned_hub,TRUE,FALSE,FALSE,1,1,0,0,2,0.5,partial_hub_score_2,partial_hub,124673,0,0,0.09574,0.364924
primary_score_ge_2,"Primary hubs, service score >=2",SPOKE_0163,TASO Gulu Clinic,existing_nbs,1,0,HF2058,Clinic,GULU,32.29921241,2.776660311,HF2353,Anaka HOSPITAL,General Hospital,Government,ACHOLI,31.94798,2.60271,43.524,25_to_50_km,moderate_functional,stronger_linkage,standard_linkage,FALSE,FALSE,FALSE,1,1,1,1,4,0,full_hub_score_4,full_hub,151427,1041,4,0.088435,0.391597
primary_score_ge_2,"Primary hubs, service score >=2",SPOKE_0072,Gulu Regional Referal Hospital,existing_nbs,1,0,HF2067,RR Hospital,GULU,32.29853,2.78069,HF2353,Anaka HOSPITAL,General Hospital,Government,ACHOLI,31.94798,2.60271,43.654,25_to_50_km,moderate_functional,stronger_linkage,standard_linkage,FALSE,FALSE,FALSE,1,1,1,1,4,0,full_hub_score_4,full_hub,151427,1041,4,0.088435,0.391597
primary_score_ge_2,"Primary hubs, service score >=2",SPOKE_0031,Aboke HC IV,existing_nbs,1,0,HF2152,HC IV,KOLE,32.6813,2.3513,HF1934,Apac HOSPITAL,General Hospital,Government,LANGO,32.533801,1.981577,44.036,25_to_50_km,moderate_functional,stronger_linkage,standard_linkage,FALSE,FALSE,FALSE,1,1,1,1,4,0,full_hub_score_4,full_hub,116013,737,12,0.087798,0.430962
primary_score_ge_2,"Primary hubs, service score >=2",SPOKE_0014,Lokitelaebu HC III,collocated_candidate_nbs,0,1,HF2165,HC III,KOTIDO,34.00117,2.98911,HF1769,Abim HOSPITAL,General Hospital,Government,KARAMOJA,33.66236,2.67686,51.085,50_to_100_km,long,distance_constrained_linkage,review_distance_and_hub_options,TRUE,TRUE,FALSE,0,0,1,1,2,0.5,partial_hub_score_2,partial_hub,42977,556,5,0.084148,0.472325
primary_score_ge_2,"Primary hubs, service score >=2",SPOKE_0101,Kisiita HC III,existing_nbs,1,0,HF2942,HC III,KAKUMIRO,31.27405,1.03198,HF2927,Kagadi HOSPITAL,General Hospital,Government,BUNYORO,30.808823,0.94473,52.682,50_to_100_km,long,distance_constrained_linkage,review_distance_and_hub_options,TRUE,TRUE,FALSE,1,1,1,1,4,0,full_hub_score_4,full_hub,518195,387,25,0.051055,0.221553
primary_score_ge_2,"Primary hubs, service score >=2",SPOKE_0024,Opit HC III,collocated_candidate_nbs,0,1,HF2054,HC III,OMORO,32.47537,2.61763,HF2376,Aber Ngo HOSPITAL,General Hospital,Private Not For Profit,LANGO,32.34108,2.12815,56.129,50_to_100_km,long,distance_constrained_linkage,review_distance_and_hub_options,TRUE,TRUE,FALSE,1,0,0,1,2,0.5,partial_hub_score_2,partial_hub,128850,724,4,0.097373,0.421997
primary_score_ge_2,"Primary hubs, service score >=2",SPOKE_0110,Lalogi HC IV,existing_nbs,1,0,HF2057,HC IV,OMORO,32.56665,2.63611,HF2376,Aber Ngo HOSPITAL,General Hospital,Private Not For Profit,LANGO,32.34108,2.12815,61.495,50_to_100_km,long,distance_constrained_linkage,review_distance_and_hub_options,TRUE,TRUE,FALSE,1,0,0,1,2,0.5,partial_hub_score_2,partial_hub,128850,724,4,0.097373,0.421997
primary_score_ge_2,"Primary hubs, service score >=2",SPOKE_0009,Awach HC IV,collocated_candidate_nbs,0,1,HF2027,HC IV,GULU,32.40077,2.97058,HF2124,Kitgum HOSPITAL,General Hospital,Government,ACHOLI,32.88092,3.29792,64.463,50_to_100_km,long,distance_constrained_linkage,review_distance_and_hub_options,TRUE,TRUE,FALSE,1,1,1,1,4,0,full_hub_score_4,full_hub,150715,629,5,0.080921,0.41065
primary_score_ge_2,"Primary hubs, service score >=2",SPOKE_0010,Awere HC III,collocated_candidate_nbs,0,1,HF2408,HC III,PADER,32.79421,2.68842,HF1868,Alebtong HC IV,HC IV,Government,LANGO,33.23659,2.26365,67.993,50_to_100_km,long,distance_constrained_linkage,review_distance_and_hub_options,TRUE,TRUE,FALSE,1,1,0,0,2,0.5,partial_hub_score_2,partial_hub,124673,0,0,0.09574,0.364924
primary_score_ge_2,"Primary hubs, service score >=2",SPOKE_0073,Hoima REGIONAL REF HOSPITAL,existing_nbs,1,0,HF2566,RR Hospital,HOIMA,31.354685,1.430788,HF0327,Kiboga HOSPITAL,General Hospital,Government,NORTH BUGANDA,31.776151,0.913794,73.942,50_to_100_km,long,distance_constrained_linkage,review_distance_and_hub_options,TRUE,TRUE,FALSE,1,0,1,1,3,0.25,strong_hub_score_3,strong_hub,123578,65,4,0.065516,0.16593
